序号,链接,节点数
0,https://5lF06g.absslk.xyz/e9894ee4903eb93df5e29e491a51da1a,0
1,https://Nc3OQM.mcsslk.xyz/cde7571acc81bff0335e3f6adbe00ebf,0
2,https://gist.githubusercontent.com/peasoft/7907a8ee2a4fa5e80cd1bd006664442c/raw/,0
3,https://gitlab.com/colloq168/nodefiltrate/-/raw/main/filtrate?ref_type=heads,164
4,https://raw.githubusercontent.com/Alvin9999/pac2/master/clash.meta2/1/config.yaml,0
5,https://raw.githubusercontent.com/Alvin9999/pac2/master/clash.meta2/13/config.yaml,0
6,https://raw.githubusercontent.com/Alvin9999/pac2/master/clash.meta2/15/config.yaml,0
7,https://raw.githubusercontent.com/Alvin9999/pac2/master/clash.meta2/2/config.yaml,0
8,https://raw.githubusercontent.com/Alvin9999/pac2/master/clash.meta2/config.yaml,0
9,https://raw.githubusercontent.com/Huibq/TrojanLinks/master/links/vmess,0
10,https://raw.githubusercontent.com/Surfboardv2ray/TGParse/main/python/hy2,25
11,https://raw.githubusercontent.com/Surfboardv2ray/TGParse/main/python/hysteria2,104
12,https://raw.githubusercontent.com/qjlxg/hy2/main/splitted/hy2,17
13,https://raw.githubusercontent.com/ripaojiedian/freenode/main/clash,20
14,https://raw.githubusercontent.com/ripaojiedian/freenode/main/sub,22
15,https://raw.githubusercontent.com/zhangkaiitugithub/passcro/main/speednodes.yaml,419

总计,,740
